elapsed_s,pid,raw,bytes
1.157,2210A8,"6210A800",0x00(0)
1.217,2210B0,"6210B027",0x27(39)
1.276,2210B9,"6210B915",0x15(21)
1.974,223050,"7F2231",ERR
2.073,2210D2,"6210D250",0x50(80)
4.074,2210A8,"410784",ERR
4.138,2210B0,"OK",ERR
4.207,2210B9,"6210A800",0x00(0)
6.162,2210A8,"41066D",ERR
6.233,2210B0,"410784",ERR
6.313,2210B9,"OK",ERR
6.530,2210B1,"410C17CC",0xCC(204)
6.601,2210C1,"410D00",ERR
6.633,2210B4,"OK",ERR
7.040,2210A8,"6210A84A",0x4A(74)
7.097,2210B0,"6210B027",0x27(39)
7.151,2210B9,"6210B916",0x16(22)
7.914,223050,"7F2231",ERR
8.023,2210D2,"6210D250",0x50(80)
8.980,2210A8,"6210A84A",0x4A(74)
9.034,2210B0,"6210B027",0x27(39)
9.087,2210B9,"6210B916",0x16(22)
10.290,2210A8,"6210A800",0x00(0)
10.447,2210B0,"6210B027",0x27(39)
10.493,2210B9,"6210B916",0x16(22)
10.836,2210B1,"6210B100",0x00(0)
10.884,2210C1,"6210C12F",0x2F(47)
10.939,2210B4,"6210B431",0x31(49)
12.425,2210A8,"OK",ERR
12.497,2210B0,"6210A84B",0x4B(75)
12.780,2210B9,"6210B027",0x27(39)
14.469,223050,"OK",ERR
14.645,2210D2,"OK",ERR
15.643,2210A8,"?",ERR
15.660,2210B0,"6210A800STOPPED",ERR
15.782,2210B9,"6210B915",0x15(21)
17.487,2210A8,"STOPPED",ERR
17.492,2210B0,"",ERR
17.557,2210B9,"6210A800",0x00(0)
19.197,2210A8,"",ERR
19.295,2210B0,"OK",ERR
19.470,2210B9,"6210A800",0x00(0)
19.471,2210B1,"6210B027",0x27(39)
19.473,2210C1,"6210B915",0x15(21)
19.491,2210B4,"6210B100STOPPED",ERR
21.307,2210A8,"OK",ERR
21.365,2210B0,"6210B027",0x27(39)
21.416,2210B9,"6210B915",0x15(21)
22.063,223050,"7F2231",ERR
22.205,2210D2,"6210D250",0x50(80)
23.941,2210A8,"6210A84A",0x4A(74)
23.993,2210B0,"6210B027",0x27(39)
24.037,2210B9,"6210B916",0x16(22)
25.236,2210A8,"6210A84A",0x4A(74)
25.738,2210B0,"6210B0",ERR
26.153,2210B9,"27",ERR
26.576,2210B1,"6210B100",0x00(0)
27.049,2210C1,"6210C12F",0x2F(47)
27.166,2210B4,"6210B431",0x31(49)
29.089,2210A8,"6210A800",0x00(0)
29.141,2210B0,"6210B027",0x27(39)
29.228,2210B9,"6210B915",0x15(21)
30.605,223050,"OK",ERR
30.765,2210D2,"NO DATA",ERR
31.868,2210A8,"?",ERR
31.885,2210B0,"STOPPED",ERR
31.893,2210B9,"",ERR
32.597,2210A8,"410784",ERR
32.619,2210B0,"6210A84ASTOPPED",ERR
32.620,2210B9,"",ERR
32.925,2210B1,"6210B100",0x00(0)
33.007,2210C1,"6210C12F",0x2F(47)
33.055,2210B4,"6210B431",0x31(49)
33.903,2210A8,"6210A800",0x00(0)
33.988,2210B0,"6210B027",0x27(39)
34.259,2210B9,"6210B915",0x15(21)
35.451,223050,"7F2231",ERR
35.551,2210D2,"6210D250",0x50(80)
36.648,2210A8,"6210A800",0x00(0)
36.714,2210B0,"6210B027",0x27(39)
36.772,2210B9,"6210B915",0x15(21)
38.145,2210A8,"6210A800",0x00(0)
38.359,2210B0,"6210B027",0x27(39)
38.414,2210B9,"6210B915",0x15(21)
39.442,2210A8,"6210A800",0x00(0)
39.496,2210B0,"6210B027",0x27(39)
39.548,2210B9,"6210B915",0x15(21)
39.593,2210B1,"6210B100",0x00(0)
39.645,2210C1,"6210C12F",0x2F(47)
39.826,2210B4,"6210B432",0x32(50)
41.459,2210A8,"6210A800",0x00(0)
41.531,2210B0,"6210B027",0x27(39)
41.594,2210B9,"6210B915",0x15(21)
42.464,223050,"7F2231",ERR
42.560,2210D2,"6210D251",0x51(81)
44.451,2210A8,"OK",ERR
44.457,2210B0,"6210A800",0x00(0)
44.855,2210B9,"6210B027STOPPED",ERR
46.327,2210A8,"6210A84A",0x4A(74)
46.407,2210B0,"6210B027",0x27(39)
46.508,2210B9,"6210B916",0x16(22)
47.019,2210B1,"6210B100",0x00(0)
47.073,2210C1,"6210C12F",0x2F(47)
47.119,2210B4,"6210B431",0x31(49)
48.038,2210A8,"6210A800",0x00(0)
48.092,2210B0,"6210B027",0x27(39)
48.236,2210B9,"6210B916",0x16(22)
49.305,223050,"7F2231",ERR
49.653,2210D2,"6210D251",0x51(81)
50.782,2210A8,"6210A849",0x49(73)
50.836,2210B0,"6210B027",0x27(39)
50.880,2210B9,"6210B914",0x14(20)
51.885,2210A8,"6210A800",0x00(0)
51.940,2210B0,"6210B027",0x27(39)
51.999,2210B9,"6210B917",0x17(23)
52.553,2210B1,"6210B100",0x00(0)
53.054,2210C1,"6210C1",ERR
53.059,2210B4,"2C",ERR
53.915,2210A8,"410781",ERR
53.927,2210B0,"6210A849",0x49(73)
53.942,2210B9,"STOPPED",ERR
54.567,223050,"OK",ERR
54.866,2210D2,"OK",ERR
56.097,2210A8,"6210A800",0x00(0)
56.329,2210B0,"6210B027",0x27(39)
56.495,2210B9,"6210B916",0x16(22)
57.764,2210A8,"6210A849",0x49(73)
57.808,2210B0,"6210B027",0x27(39)
57.862,2210B9,"6210B914",0x14(20)
59.264,2210A8,"6210A800",0x00(0)
59.340,2210B0,"6210B028",0x28(40)
59.400,2210B9,"6210B914",0x14(20)
59.453,2210B1,"6210B100",0x00(0)
59.514,2210C1,"6210C12C",0x2C(44)
59.561,2210B4,"6210B41C",0x1C(28)
60.807,2210A8,"6210A849",0x49(73)
60.896,2210B0,"6210B027",0x27(39)
61.036,2210B9,"6210B916",0x16(22)
62.101,223050,"",ERR
62.479,2210D2,"OK",ERR
63.608,2210A8,"?",ERR
63.641,2210B0,"STOPPED",ERR
63.642,2210B9,"",ERR
65.373,2210A8,"NO DATA",ERR
65.451,2210B0,"NO DATA",ERR
65.528,2210B9,"NO DATA",ERR
66.076,2210B1,"OK",ERR
66.091,2210C1,"6210B100STOPPED",ERR
66.105,2210B4,"STOPPED",ERR
66.977,2210A8,"",ERR
67.272,2210B0,"6210A800",0x00(0)
67.308,2210B9,"6210B027",0x27(39)
68.358,223050,"7F2231",ERR
68.456,2210D2,"6210D251",0x51(81)
69.675,2210A8,"6210A800",0x00(0)
69.925,2210B0,"6210B027",0x27(39)
69.993,2210B9,"6210B916",0x16(22)
71.152,2210A8,"6210A849",0x49(73)
71.213,2210B0,"6210B027",0x27(39)
71.278,2210B9,"6210B915",0x15(21)
71.841,2210B1,"6210B100",0x00(0)
71.893,2210C1,"6210C12C",0x2C(44)
71.952,2210B4,"6210B41E",0x1E(30)
73.204,2210A8,"6210A849",0x49(73)
73.304,2210B0,"6210B028",0x28(40)
73.649,2210B9,"6210B915",0x15(21)
75.747,223050,"OK",ERR
76.096,2210D2,"OK",ERR
77.772,2210A8,"410777",ERR
77.848,2210B0,"OK",ERR
77.960,2210B9,"6210A848",0x48(72)
78.599,2210A8,"?",ERR
78.623,2210B0,"6210A800STOPPED",ERR
78.628,2210B9,"",ERR
79.590,2210A8,"6210A800",0x00(0)
79.635,2210B0,"6210B028",0x28(40)
79.689,2210B9,"6210B916",0x16(22)
79.776,2210B1,"6210B100",0x00(0)
79.835,2210C1,"6210C12C",0x2C(44)
79.891,2210B4,"6210B427",0x27(39)
80.872,2210A8,"6210A848",0x48(72)
80.921,2210B0,"6210B028",0x28(40)
81.099,2210B9,"6210B914",0x14(20)
81.734,223050,"7F2231",ERR
81.845,2210D2,"6210D251",0x51(81)
83.159,2210A8,"6210A849",0x49(73)
83.210,2210B0,"6210B028",0x28(40)
83.276,2210B9,"6210B914",0x14(20)
84.330,2210A8,"6210A849",0x49(73)
84.387,2210B0,"6210B028",0x28(40)
84.437,2210B9,"6210B915",0x15(21)
84.966,2210B1,"6210B100",0x00(0)
85.012,2210C1,"6210C12C",0x2C(44)
85.069,2210B4,"6210B41B",0x1B(27)
85.960,2210A8,"?",ERR
85.975,2210B0,"6210A800STOPPED",ERR
85.984,2210B9,"",ERR
86.791,223050,"7F2231",ERR
86.870,2210D2,"6210D252",0x52(82)
87.987,2210A8,"6210A849",0x49(73)
88.052,2210B0,"6210B027",0x27(39)
88.105,2210B9,"6210B915",0x15(21)
89.117,2210A8,"6210A849",0x49(73)
89.165,2210B0,"6210B028",0x28(40)
89.211,2210B9,"6210B915",0x15(21)
89.744,2210B1,"6210B100",0x00(0)
89.802,2210C1,"6210C134",0x34(52)
89.850,2210B4,"6210B41D",0x1D(29)
90.651,2210A8,"OK",ERR
90.707,2210B0,"6210A800",0x00(0)
90.761,2210B9,"6210B917",0x17(23)
91.801,223050,"OK",ERR
91.848,2210D2,"OK",ERR
92.785,2210A8,"6210A800",0x00(0)
92.837,2210B0,"6210B027",0x27(39)
92.913,2210B9,"6210B915",0x15(21)
93.754,2210A8,"6210A848",0x48(72)
93.864,2210B0,"6210B027",0x27(39)
93.948,2210B9,"6210B915",0x15(21)
95.407,2210A8,"6210A800",0x00(0)
95.459,2210B0,"6210B027",0x27(39)
95.522,2210B9,"6210B915",0x15(21)
95.578,2210B1,"6210B105",0x05(5)
95.632,2210C1,"6210C12B",0x2B(43)
95.683,2210B4,"6210B430",0x30(48)
96.666,2210A8,"6210A849",0x49(73)
96.781,2210B0,"6210B027",0x27(39)
96.959,2210B9,"6210B915",0x15(21)
97.433,223050,"7F2231",ERR
97.514,2210D2,"6210D252",0x52(82)
98.624,2210A8,"6210A800",0x00(0)
98.721,2210B0,"6210B027",0x27(39)
98.929,2210B9,"6210B915",0x15(21)
100.017,2210A8,"6210A800",0x00(0)
100.070,2210B0,"6210B027",0x27(39)
100.120,2210B9,"6210B914",0x14(20)
100.331,2210B1,"6210B100",0x00(0)
100.381,2210C1,"6210C12C",0x2C(44)
100.438,2210B4,"6210B42D",0x2D(45)
101.329,2210A8,"6210A847",0x47(71)
101.372,2210B0,"6210B027",0x27(39)
101.461,2210B9,"6210B915",0x15(21)
102.195,223050,"7F2231",ERR
102.312,2210D2,"6210D252",0x52(82)
103.304,2210A8,"6210A849",0x49(73)
103.378,2210B0,"6210B028",0x28(40)
103.550,2210B9,"6210B914",0x14(20)
104.968,2210A8,"STOPPED",ERR
104.969,2210B0,"?",ERR
104.984,2210B9,"6210A800STOPPED",ERR
105.196,2210B1,"6210B100",0x00(0)
105.242,2210C1,"6210C12C",0x2C(44)
105.292,2210B4,"6210B41C",0x1C(28)
106.155,2210A8,"6210A800",0x00(0)
106.217,2210B0,"6210B028",0x28(40)
106.273,2210B9,"6210B916",0x16(22)
107.158,223050,"7F2231",ERR
107.271,2210D2,"6210D252",0x52(82)
108.153,2210A8,"6210A800",0x00(0)
108.231,2210B0,"6210B027",0x27(39)
108.446,2210B9,"6210B915",0x15(21)
109.564,2210A8,"6210A849",0x49(73)
109.625,2210B0,"6210B027",0x27(39)
109.677,2210B9,"6210B915",0x15(21)
110.741,2210A8,"6210A800",0x00(0)
110.789,2210B0,"6210B027",0x27(39)
110.845,2210B9,"6210B916",0x16(22)
110.893,2210B1,"6210B100",0x00(0)
110.939,2210C1,"6210C12C",0x2C(44)
110.989,2210B4,"6210B41C",0x1C(28)
112.119,2210A8,"6210A800",0x00(0)
112.317,2210B0,"6210B027",0x27(39)
112.367,2210B9,"6210B916",0x16(22)
112.767,223050,"7F2231",ERR
112.862,2210D2,"6210D252",0x52(82)
113.985,2210A8,"6210A800",0x00(0)
114.112,2210B0,"6210B027",0x27(39)
114.174,2210B9,"6210B915",0x15(21)
115.356,2210A8,"6210A800",0x00(0)
115.402,2210B0,"6210B027",0x27(39)
115.459,2210B9,"6210B915",0x15(21)
115.898,2210B1,"6210B100",0x00(0)
116.166,2210C1,"6210C12C",0x2C(44)
116.362,2210B4,"6210B41E",0x1E(30)
117.790,2210A8,"6210A800",0x00(0)
117.976,2210B0,"6210B027",0x27(39)
118.090,2210B9,"6210B915",0x15(21)
119.320,223050,"7F2231",ERR
119.454,2210D2,"6210D252",0x52(82)
121.184,2210A8,"6210A800",0x00(0)
121.241,2210B0,"6210B027",0x27(39)
121.300,2210B9,"6210B915",0x15(21)
123.064,2210A8,"6210A800",0x00(0)
123.144,2210B0,"6210B028",0x28(40)
123.212,2210B9,"6210B915",0x15(21)
124.596,2210B1,"410",ERR
124.633,2210C1,"D00",ERR
125.134,2210B4,"",ERR
126.466,2210A8,"410777STOPPED",ERR
126.543,2210B0,"6210A848",0x48(72)
126.682,2210B9,"6210B028",0x28(40)
126.943,223050,"OK",ERR
126.984,2210D2,"OK",ERR
127.894,2210A8,"6210A847",0x47(71)
127.944,2210B0,"6210B027",0x27(39)
128.002,2210B9,"6210B915",0x15(21)
129.093,2210A8,"6210A849",0x49(73)
129.257,2210B0,"6210B09C",0x9C(156)
129.437,2210B9,"6210B915",0x15(21)
130.516,2210A8,"6210A800",0x00(0)
130.568,2210B0,"6210B02A",0x2A(42)
130.616,2210B9,"6210B913",0x13(19)
130.663,2210B1,"6210B103",0x03(3)
130.709,2210C1,"6210C129",0x29(41)
130.753,2210B4,"6210B433",0x33(51)
131.804,2210A8,"6210A847",0x47(71)
131.856,2210B0,"6210B02A",0x2A(42)
131.947,2210B9,"6210B916",0x16(22)
132.656,223050,"7F2231",ERR
132.770,2210D2,"6210D252",0x52(82)
133.908,2210A8,"6210A848",0x48(72)
134.096,2210B0,"6210B028",0x28(40)
134.260,2210B9,"6210B916",0x16(22)
135.312,2210A8,"6210A800",0x00(0)
135.361,2210B0,"6210B028",0x28(40)
135.411,2210B9,"6210B915",0x15(21)
135.610,2210B1,"6210B100",0x00(0)
135.660,2210C1,"6210C100",0x00(0)
135.711,2210B4,"6210B432",0x32(50)
136.682,2210A8,"6210A848",0x48(72)
136.730,2210B0,"6210B028",0x28(40)
136.929,2210B9,"6210B914",0x14(20)
137.546,223050,"7F2231",ERR
137.713,2210D2,"6210D252",0x52(82)
138.606,2210A8,"6210A849",0x49(73)
138.755,2210B0,"6210B09E",0x9E(158)
138.983,2210B9,"6210B915",0x15(21)
140.043,2210A8,"6210A800",0x00(0)
140.107,2210B0,"6210B029",0x29(41)
140.161,2210B9,"6210B915",0x15(21)
140.535,2210B1,"6210B100",0x00(0)
140.600,2210C1,"6210C100",0x00(0)
140.655,2210B4,"6210B431",0x31(49)
141.357,2210A8,"6210A800",0x00(0)
141.408,2210B0,"6210B027",0x27(39)
141.462,2210B9,"6210B915",0x15(21)
142.080,223050,"7F2231",ERR
142.161,2210D2,"6210D252",0x52(82)
142.843,2210A8,"6210A800",0x00(0)
142.906,2210B0,"6210B027",0x27(39)
142.950,2210B9,"6210B914",0x14(20)
144.133,2210A8,"6210A800",0x00(0)
144.179,2210B0,"6210B027",0x27(39)
144.242,2210B9,"6210B915",0x15(21)
146.782,2210A8,"410777",ERR
147.109,2210B0,"OK",ERR
147.133,2210B9,"6210A800",0x00(0)
147.172,2210B1,"6210B028",0x28(40)
147.328,2210C1,"6210B915",0x15(21)
147.536,2210B4,"6210B100STOPPED",ERR
148.608,2210A8,"OK",ERR
148.698,2210B0,"6210A848",0x48(72)
148.826,2210B9,"6210B027",0x27(39)
149.754,223050,"OK",ERR
149.898,2210D2,"OK",ERR
151.078,2210A8,"6210A800",0x00(0)
151.148,2210B0,"6210B027",0x27(39)
151.278,2210B9,"6210B915",0x15(21)
152.690,2210A8,"6210A800",0x00(0)
152.745,2210B0,"6210B027",0x27(39)
152.798,2210B9,"6210B915",0x15(21)
153.023,2210B1,"6210B100",0x00(0)
153.080,2210C1,"6210C12C",0x2C(44)
153.123,2210B4,"6210B41D",0x1D(29)
154.445,2210A8,"6210A800",0x00(0)
154.601,2210B0,"6210B027",0x27(39)
154.655,2210B9,"6210B915",0x15(21)
155.376,223050,"7F2231",ERR
155.720,2210D2,"6210D253",0x53(83)
156.776,2210A8,"6210A847",0x47(71)
156.819,2210B0,"6210B027",0x27(39)
156.867,2210B9,"6210B915",0x15(21)
158.347,2210A8,"6210A800",0x00(0)
158.405,2210B0,"6210B027",0x27(39)
158.453,2210B9,"6210B914",0x14(20)
158.766,2210B1,"6210B100",0x00(0)
158.825,2210C1,"6210C111",0x11(17)
158.879,2210B4,"6210B41D",0x1D(29)
159.838,2210A8,"6210A847",0x47(71)
160.044,2210B0,"6210B027",0x27(39)
160.247,2210B9,"6210B915",0x15(21)
161.346,223050,"7F2231",ERR
161.435,2210D2,"6210D253",0x53(83)
162.397,2210A8,"6210A800",0x00(0)
162.441,2210B0,"6210B09C",0x9C(156)
162.487,2210B9,"6210B914",0x14(20)
163.689,2210A8,"6210A847",0x47(71)
164.157,2210B0,"6210B09E",0x9E(158)
164.575,2210B9,"6210B913",0x13(19)
165.705,2210A8,"6210A800",0x00(0)
165.778,2210B0,"6210B09A",0x9A(154)
165.955,2210B9,"6210B914",0x14(20)
166.097,2210B1,"6210B100",0x00(0)
166.152,2210C1,"6210C12B",0x2B(43)
166.209,2210B4,"6210B443",0x43(67)
167.243,2210A8,"6210A848",0x48(72)
167.297,2210B0,"6210B09E",0x9E(158)
167.345,2210B9,"6210B916",0x16(22)
168.114,223050,"7F2231",ERR
168.226,2210D2,"6210D253",0x53(83)
169.302,2210A8,"6210A800",0x00(0)
169.370,2210B0,"6210B028",0x28(40)
169.418,2210B9,"6210B915",0x15(21)
170.111,2210A8,"?",ERR
170.129,2210B0,"6210A848STOPPED",ERR
170.132,2210B9,"",ERR
170.398,2210B1,"6210B100",0x00(0)
170.445,2210C1,"6210C12C",0x2C(44)
170.498,2210B4,"6210B432",0x32(50)
171.432,2210A8,"6210A848",0x48(72)
171.477,2210B0,"6210B028",0x28(40)
171.533,2210B9,"6210B916",0x16(22)
172.320,223050,"7F2231",ERR
172.417,2210D2,"6210D253",0x53(83)
173.436,2210A8,"6210A848",0x48(72)
173.481,2210B0,"6210B028",0x28(40)
173.610,2210B9,"6210B914",0x14(20)
174.807,2210A8,"6210A847",0x47(71)
174.860,2210B0,"6210B028",0x28(40)
174.903,2210B9,"6210B915",0x15(21)
175.180,2210B1,"6210B100",0x00(0)
175.247,2210C1,"6210C138",0x38(56)
175.294,2210B4,"6210B433",0x33(51)
176.143,2210A8,"6210A848",0x48(72)
176.194,2210B0,"6210B028",0x28(40)
176.250,2210B9,"6210B915",0x15(21)
177.137,223050,"7F2231",ERR
177.225,2210D2,"6210D253",0x53(83)
178.123,2210A8,"6210A800",0x00(0)
178.183,2210B0,"6210B028",0x28(40)
178.232,2210B9,"6210B914",0x14(20)
179.525,2210A8,"6210A848",0x48(72)
179.638,2210B0,"6210B028",0x28(40)
179.693,2210B9,"6210B915",0x15(21)
180.844,2210A8,"6210A847",0x47(71)
181.046,2210B0,"6210B028",0x28(40)
181.396,2210B9,"6210B915",0x15(21)
181.648,2210B1,"6210B100",0x00(0)
181.769,2210C1,"6210C12E",0x2E(46)
181.823,2210B4,"6210B421",0x21(33)
182.668,2210A8,"6210A800",0x00(0)
182.716,2210B0,"6210B08A",0x8A(138)
182.761,2210B9,"6210B917",0x17(23)
183.459,223050,"7F2231",ERR
183.557,2210D2,"6210D253",0x53(83)
184.393,2210A8,"?",ERR
184.415,2210B0,"6210A847STOPPED",ERR
184.422,2210B9,"",ERR
185.455,2210A8,"6210A800",0x00(0)
185.508,2210B0,"6210B09C",0x9C(156)
185.555,2210B9,"6210B900",0x00(0)
185.744,2210B1,"6210B100",0x00(0)
185.795,2210C1,"6210C121",0x21(33)
185.848,2210B4,"6210B42E",0x2E(46)
186.782,2210A8,"6210A800",0x00(0)
186.824,2210B0,"6210B09C",0x9C(156)
186.877,2210B9,"6210B900",0x00(0)
187.662,223050,"7F2231",ERR
187.765,2210D2,"6210D253",0x53(83)
188.706,2210A8,"6210A800",0x00(0)
188.755,2210B0,"6210B09E",0x9E(158)
188.906,2210B9,"6210B900",0x00(0)
190.534,2210A8,"OK",ERR
190.552,2210B0,"6210A800STOPPED",ERR
190.560,2210B9,"",ERR
191.149,2210B1,"6210B100",0x00(0)
191.191,2210C1,"6210C126",0x26(38)
191.240,2210B4,"6210B42E",0x2E(46)
192.091,2210A8,"6210A847",0x47(71)
192.144,2210B0,"6210B09E",0x9E(158)
192.208,2210B9,"6210B900",0x00(0)
193.101,223050,"7F2231",ERR
193.190,2210D2,"6210D253",0x53(83)
194.103,2210A8,"6210A800",0x00(0)
194.155,2210B0,"6210B09E",0x9E(158)
194.204,2210B9,"6210B900",0x00(0)
195.298,2210A8,"6210A800",0x00(0)
195.356,2210B0,"6210B09E",0x9E(158)
195.424,2210B9,"6210B900",0x00(0)
196.272,2210A8,"6210A800",0x00(0)
196.323,2210B0,"6210B09E",0x9E(158)
196.395,2210B9,"6210B900",0x00(0)
196.457,2210B1,"6210B100",0x00(0)
196.500,2210C1,"6210C11A",0x1A(26)
196.582,2210B4,"6210B42E",0x2E(46)
197.631,2210A8,"6210A800",0x00(0)
197.692,2210B0,"6210B09E",0x9E(158)
197.762,2210B9,"6210B900",0x00(0)
198.235,223050,"7F2231",ERR
198.346,2210D2,"6210D254",0x54(84)
199.249,2210A8,"6210A800",0x00(0)
199.318,2210B0,"6210B09E",0x9E(158)
199.385,2210B9,"6210B900",0x00(0)
200.191,2210A8,"6210A847",0x47(71)
200.256,2210B0,"6210B09E",0x9E(158)
200.334,2210B9,"6210B900",0x00(0)
200.582,2210B1,"6210B100",0x00(0)
200.631,2210C1,"6210C123",0x23(35)
200.676,2210B4,"6210B42E",0x2E(46)
201.373,2210A8,"6210A800",0x00(0)
201.446,2210B0,"6210B09E",0x9E(158)
201.510,2210B9,"6210B900",0x00(0)
202.056,223050,"7F2231",ERR
202.158,2210D2,"6210D254",0x54(84)
202.955,2210A8,"6210A800",0x00(0)
203.018,2210B0,"6210B09E",0x9E(158)
203.059,2210B9,"6210B900",0x00(0)
203.897,2210A8,"6210A800",0x00(0)
203.970,2210B0,"6210B09E",0x9E(158)
204.029,2210B9,"6210B900",0x00(0)
204.385,2210B1,"6210B107",0x07(7)
204.438,2210C1,"6210C131",0x31(49)
204.492,2210B4,"6210B42E",0x2E(46)
205.165,2210A8,"6210A800",0x00(0)
205.223,2210B0,"6210B02A",0x2A(42)
205.267,2210B9,"6210B900",0x00(0)
205.949,223050,"7F2231",ERR
206.087,2210D2,"6210D254",0x54(84)
206.718,2210A8,"6210A847",0x47(71)
206.779,2210B0,"6210B028",0x28(40)
206.839,2210B9,"6210B900",0x00(0)
207.961,2210A8,"6210A800",0x00(0)
208.018,2210B0,"6210B028",0x28(40)
208.071,2210B9,"6210B900",0x00(0)
209.137,2210A8,"6210A800",0x00(0)
209.182,2210B0,"6210B027",0x27(39)
209.246,2210B9,"6210B900",0x00(0)
209.296,2210B1,"6210B109",0x09(9)
209.348,2210C1,"6210C132",0x32(50)
209.398,2210B4,"6210B42E",0x2E(46)
210.685,2210A8,"6210A800",0x00(0)
210.750,2210B0,"6210B028",0x28(40)
210.807,2210B9,"6210B900",0x00(0)
211.201,223050,"7F2231",ERR
211.313,2210D2,"6210D254",0x54(84)
212.696,2210A8,"6210A846",0x46(70)
212.755,2210B0,"6210B028",0x28(40)
212.807,2210B9,"6210B900",0x00(0)
213.866,2210A8,"6210A800",0x00(0)
213.910,2210B0,"6210B027",0x27(39)
213.960,2210B9,"6210B900",0x00(0)
214.188,2210B1,"6210B109",0x09(9)
214.287,2210C1,"6210C130",0x30(48)
214.519,2210B4,"6210B42E",0x2E(46)
215.523,2210A8,"6210A800",0x00(0)
215.575,2210B0,"6210B027",0x27(39)
215.627,2210B9,"6210B900",0x00(0)
216.177,223050,"7F2231",ERR
216.547,2210D2,"6210D254",0x54(84)
217.528,2210A8,"6210A800",0x00(0)
217.584,2210B0,"6210B027",0x27(39)
217.642,2210B9,"6210B900",0x00(0)
218.645,2210A8,"6210A800",0x00(0)
218.698,2210B0,"6210B027",0x27(39)
218.761,2210B9,"6210B900",0x00(0)
219.351,2210B1,"6210B10B",0x0B(11)
219.425,2210C1,"6210C12F",0x2F(47)
219.473,2210B4,"6210B42E",0x2E(46)
220.057,2210A8,"6210A800",0x00(0)
220.245,2210B0,"6210B027",0x27(39)
220.388,2210B9,"6210B900",0x00(0)
221.290,223050,"7F2231",ERR
221.391,2210D2,"6210D254",0x54(84)
222.258,2210A8,"6210A800",0x00(0)
222.312,2210B0,"6210B027",0x27(39)
222.357,2210B9,"6210B900",0x00(0)
223.428,2210A8,"6210A800",0x00(0)
223.478,2210B0,"6210B028",0x28(40)
223.537,2210B9,"6210B900",0x00(0)
224.376,2210A8,"6210A847",0x47(71)
224.444,2210B0,"6210B027",0x27(39)
224.494,2210B9,"6210B900",0x00(0)
224.550,2210B1,"6210B10B",0x0B(11)
224.592,2210C1,"6210C127",0x27(39)
224.638,2210B4,"6210B42E",0x2E(46)
225.638,2210A8,"6210A800",0x00(0)
225.833,2210B0,"6210B028",0x28(40)
226.040,2210B9,"6210B900",0x00(0)
226.494,223050,"7F2231",ERR
226.596,2210D2,"6210D255",0x55(85)
228.036,2210A8,"6210A800",0x00(0)
228.091,2210B0,"6210B028",0x28(40)
228.151,2210B9,"6210B900",0x00(0)
229.229,2210A8,"6210A800",0x00(0)
229.295,2210B0,"6210B027",0x27(39)
229.352,2210B9,"6210B900",0x00(0)
229.745,2210B1,"6210B103",0x03(3)
229.906,2210C1,"6210C12F",0x2F(47)
229.963,2210B4,"6210B42E",0x2E(46)
230.950,2210A8,"6210A847",0x47(71)
231.008,2210B0,"6210B027",0x27(39)
231.077,2210B9,"6210B900",0x00(0)
231.911,223050,"7F2231",ERR
232.001,2210D2,"6210D255",0x55(85)
232.968,2210A8,"6210A847",0x47(71)
233.022,2210B0,"6210B027",0x27(39)
233.067,2210B9,"6210B900",0x00(0)
234.084,2210A8,"6210A847",0x47(71)
234.134,2210B0,"6210B027",0x27(39)
234.189,2210B9,"6210B900",0x00(0)
234.789,2210B1,"6210B10D",0x0D(13)
234.843,2210C1,"6210C12C",0x2C(44)
234.896,2210B4,"6210B42E",0x2E(46)
235.752,2210A8,"6210A846",0x46(70)
235.803,2210B0,"6210B027",0x27(39)
235.857,2210B9,"6210B900",0x00(0)
236.757,223050,"7F2231",ERR
236.871,2210D2,"6210D255",0x55(85)
237.748,2210A8,"6210A846",0x46(70)
237.792,2210B0,"6210B028",0x28(40)
237.849,2210B9,"6210B900",0x00(0)
238.875,2210A8,"6210A847",0x47(71)
238.923,2210B0,"6210B027",0x27(39)
238.975,2210B9,"6210B900",0x00(0)
240.012,2210A8,"6210A800",0x00(0)
240.166,2210B0,"6210B028",0x28(40)
240.353,2210B9,"6210B900",0x00(0)
240.428,2210B1,"6210B100",0x00(0)
240.487,2210C1,"6210C12F",0x2F(47)
240.543,2210B4,"6210B42E",0x2E(46)
241.625,2210A8,"6210A800",0x00(0)
241.672,2210B0,"6210B09C",0x9C(156)
241.718,2210B9,"6210B900",0x00(0)
242.466,223050,"7F2231",ERR
242.577,2210D2,"6210D255",0x55(85)
243.692,2210A8,"6210A800",0x00(0)
243.743,2210B0,"6210B09E",0x9E(158)
243.797,2210B9,"6210B900",0x00(0)
245.218,2210A8,"410784",ERR
245.274,2210B0,"6210A847",0x47(71)
245.329,2210B9,"6210B900",0x00(0)
245.565,2210B1,"6210B100",0x00(0)
245.621,2210C1,"6210C129",0x29(41)
245.686,2210B4,"6210B431",0x31(49)
246.602,2210A8,"6210A800",0x00(0)
246.655,2210B0,"6210B09E",0x9E(158)
246.716,2210B9,"6210B900",0x00(0)
247.350,223050,"7F2231",ERR
247.496,2210D2,"6210D255",0x55(85)
248.324,2210A8,"6210A847",0x47(71)
248.395,2210B0,"6210B09E",0x9E(158)
248.454,2210B9,"6210B900",0x00(0)
249.352,2210A8,"6210A847",0x47(71)
249.417,2210B0,"6210B029",0x29(41)
249.497,2210B9,"6210B900",0x00(0)
249.867,2210B1,"6210B107",0x07(7)
249.921,2210C1,"6210C11D",0x1D(29)
249.980,2210B4,"6210B432",0x32(50)
250.631,2210A8,"6210A800",0x00(0)
250.692,2210B0,"6210B028",0x28(40)
250.749,2210B9,"6210B900",0x00(0)
251.506,223050,"7F2231",ERR
251.621,2210D2,"6210D256",0x56(86)
252.301,2210A8,"6210A800",0x00(0)
252.390,2210B0,"6210B027",0x27(39)
252.446,2210B9,"6210B900",0x00(0)
253.299,2210A8,"6210A800",0x00(0)
253.358,2210B0,"6210B028",0x28(40)
253.415,2210B9,"6210B900",0x00(0)
254.304,2210A8,"6210A847",0x47(71)
254.365,2210B0,"6210B028",0x28(40)
254.419,2210B9,"6210B900",0x00(0)
254.469,2210B1,"6210B109",0x09(9)
254.517,2210C1,"6210C130",0x30(48)
254.566,2210B4,"6210B432",0x32(50)
255.379,2210A8,"6210A800",0x00(0)
255.433,2210B0,"6210B028",0x28(40)
255.482,2210B9,"6210B900",0x00(0)
255.943,223050,"7F2231",ERR
256.288,2210D2,"6210D256",0x56(86)
257.444,2210A8,"6210A846",0x46(70)
257.496,2210B0,"6210B028",0x28(40)
257.550,2210B9,"6210B900",0x00(0)
258.538,2210A8,"6210A846",0x46(70)
258.586,2210B0,"6210B028",0x28(40)
258.641,2210B9,"6210B900",0x00(0)
259.155,2210B1,"6210B106",0x06(6)
259.233,2210C1,"6210C138",0x38(56)
259.281,2210B4,"6210B432",0x32(50)
260.349,2210A8,"6210A800",0x00(0)
260.422,2210B0,"6210B028",0x28(40)
260.489,2210B9,"6210B900",0x00(0)
261.487,223050,"7F2231",ERR
261.731,2210D2,"6210D256",0x56(86)
263.619,2210A8,"6210A800",0x00(0)
263.797,2210B0,"6210B09E",0x9E(158)
263.985,2210B9,"6210B900",0x00(0)
265.521,2210A8,"6210A846",0x46(70)
265.583,2210B0,"6210B09E",0x9E(158)
265.773,2210B9,"6210B900",0x00(0)
266.362,2210B1,"6210B100",0x00(0)
266.423,2210C1,"6210C129",0x29(41)
266.496,2210B4,"6210B432",0x32(50)
267.368,2210A8,"6210A800",0x00(0)
267.423,2210B0,"6210B09E",0x9E(158)
267.497,2210B9,"6210B900",0x00(0)
268.252,223050,"7F2231",ERR
268.410,2210D2,"6210D256",0x56(86)
269.122,2210A8,"6210A847",0x47(71)
269.177,2210B0,"6210B09E",0x9E(158)
269.338,2210B9,"6210B900",0x00(0)
270.277,2210A8,"6210A800",0x00(0)
270.322,2210B0,"6210B09E",0x9E(158)
270.368,2210B9,"6210B900",0x00(0)
271.355,2210A8,"6210A800",0x00(0)
271.428,2210B0,"6210B09E",0x9E(158)
271.484,2210B9,"6210B900",0x00(0)
271.543,2210B1,"6210B100",0x00(0)
271.602,2210C1,"6210C129",0x29(41)
271.659,2210B4,"6210B432",0x32(50)
272.830,2210A8,"6210A847",0x47(71)
272.909,2210B0,"6210B09E",0x9E(158)
272.953,2210B9,"6210B900",0x00(0)
273.695,223050,"7F2231",ERR
273.971,2210D2,"6210D257",0x57(87)
275.313,2210A8,"6210A800",0x00(0)
275.425,2210B0,"6210B09E",0x9E(158)
275.492,2210B9,"6210B900",0x00(0)
276.712,2210A8,"6210A847",0x47(71)
276.767,2210B0,"6210B02B",0x2B(43)
276.846,2210B9,"6210B900",0x00(0)
277.321,2210B1,"6210B109",0x09(9)
277.421,2210C1,"6210C105",0x05(5)
277.481,2210B4,"6210B431",0x31(49)
278.508,2210A8,"6210A847",0x47(71)
278.558,2210B0,"6210B028",0x28(40)
278.606,2210B9,"6210B900",0x00(0)
279.494,223050,"7F2231",ERR
279.662,2210D2,"6210D257",0x57(87)
280.757,2210A8,"6210A800",0x00(0)
280.818,2210B0,"6210B028",0x28(40)
280.875,2210B9,"6210B900",0x00(0)
282.173,2210A8,"6210A800",0x00(0)
282.358,2210B0,"6210B09B",0x9B(155)
282.415,2210B9,"6210B900",0x00(0)
282.803,2210B1,"6210B101",0x01(1)
282.857,2210C1,"6210C11C",0x1C(28)
282.900,2210B4,"6210B431",0x31(49)
283.555,2210A8,"6210A800",0x00(0)
283.603,2210B0,"6210B09E",0x9E(158)
283.651,2210B9,"6210B900",0x00(0)
284.576,223050,"7F2231",ERR
284.682,2210D2,"6210D257",0x57(87)
285.305,2210A8,"6210A800",0x00(0)
285.360,2210B0,"6210B09E",0x9E(158)
285.410,2210B9,"6210B900",0x00(0)
286.475,2210A8,"6210A800",0x00(0)
286.534,2210B0,"6210B09E",0x9E(158)
286.583,2210B9,"6210B900",0x00(0)
287.387,2210A8,"6210A847",0x47(71)
287.429,2210B0,"6210B09E",0x9E(158)
287.477,2210B9,"6210B900",0x00(0)
287.555,2210B1,"6210B100",0x00(0)
287.749,2210C1,"6210C130",0x30(48)
287.902,2210B4,"6210B431",0x31(49)
288.708,2210A8,"6210A800",0x00(0)
288.768,2210B0,"6210B09E",0x9E(158)
288.831,2210B9,"6210B900",0x00(0)
289.278,223050,"7F2231",ERR
289.393,2210D2,"6210D257",0x57(87)
290.479,2210A8,"6210A846",0x46(70)
290.535,2210B0,"6210B02A",0x2A(42)
290.581,2210B9,"6210B900",0x00(0)
291.342,2210A8,"6210A800",0x00(0)
291.393,2210B0,"6210B028",0x28(40)
291.441,2210B9,"6210B900",0x00(0)
291.923,2210B1,"6210B10C",0x0C(12)
291.975,2210C1,"6210C13B",0x3B(59)
292.031,2210B4,"6210B431",0x31(49)
292.738,2210A8,"6210A800",0x00(0)
292.783,2210B0,"6210B027",0x27(39)
292.827,2210B9,"6210B900",0x00(0)
293.323,223050,"7F2231",ERR
293.786,2210D2,"6210D258",0x58(88)
294.513,2210A8,"6210A800",0x00(0)
294.556,2210B0,"6210B09B",0x9B(155)
294.615,2210B9,"6210B900",0x00(0)
295.698,2210A8,"6210A800",0x00(0)
295.740,2210B0,"6210B09B",0x9B(155)
295.792,2210B9,"6210B900",0x00(0)
296.097,2210B1,"6210B101",0x01(1)
296.159,2210C1,"6210C123",0x23(35)
296.205,2210B4,"6210B431",0x31(49)
296.775,2210A8,"6210A847",0x47(71)
296.825,2210B0,"6210B09E",0x9E(158)
296.873,2210B9,"6210B900",0x00(0)
297.609,223050,"7F2231",ERR
297.709,2210D2,"6210D258",0x58(88)
298.426,2210A8,"6210A846",0x46(70)
298.481,2210B0,"6210B09E",0x9E(158)
298.535,2210B9,"6210B900",0x00(0)
299.351,2210A8,"6210A800",0x00(0)
299.410,2210B0,"6210B09E",0x9E(158)
299.475,2210B9,"6210B900",0x00(0)
300.645,2210A8,"6210A846",0x46(70)
300.695,2210B0,"6210B09E",0x9E(158)
300.758,2210B9,"6210B900",0x00(0)
300.814,2210B1,"6210B100",0x00(0)
300.870,2210C1,"6210C12A",0x2A(42)
300.916,2210B4,"6210B432",0x32(50)
301.743,2210A8,"6210A800",0x00(0)
301.799,2210B0,"6210B02A",0x2A(42)
301.842,2210B9,"6210B900",0x00(0)
302.601,223050,"7F2231",ERR
302.706,2210D2,"6210D258",0x58(88)
303.555,2210A8,"6210A800",0x00(0)
303.605,2210B0,"6210B09B",0x9B(155)
303.659,2210B9,"6210B900",0x00(0)
304.730,2210A8,"6210A800",0x00(0)
304.787,2210B0,"6210B09E",0x9E(158)
304.857,2210B9,"6210B900",0x00(0)
305.110,2210B1,"6210B100",0x00(0)
305.164,2210C1,"6210C12A",0x2A(42)
305.215,2210B4,"6210B431",0x31(49)
305.854,2210A8,"6210A847",0x47(71)
306.009,2210B0,"6210B09E",0x9E(158)
306.207,2210B9,"6210B900",0x00(0)
306.809,223050,"7F2231",ERR
306.937,2210D2,"6210D258",0x58(88)
307.970,2210A8,"6210A847",0x47(71)
308.035,2210B0,"6210B09E",0x9E(158)
308.084,2210B9,"6210B900",0x00(0)
308.845,2210A8,"6210A847",0x47(71)
308.898,2210B0,"6210B09E",0x9E(158)
308.949,2210B9,"6210B900",0x00(0)
309.229,2210B1,"6210B100",0x00(0)
309.296,2210C1,"6210C12A",0x2A(42)
309.350,2210B4,"6210B432",0x32(50)
310.186,2210A8,"6210A847",0x47(71)
310.236,2210B0,"6210B09E",0x9E(158)
310.290,2210B9,"6210B900",0x00(0)
310.936,223050,"7F2231",ERR
311.044,2210D2,"6210D259",0x59(89)
311.940,2210A8,"6210A800",0x00(0)
311.982,2210B0,"6210B02B",0x2B(43)
312.031,2210B9,"6210B900",0x00(0)
312.821,2210A8,"6210A847",0x47(71)
312.872,2210B0,"6210B02B",0x2B(43)
312.918,2210B9,"6210B900",0x00(0)
313.962,2210A8,"6210A847",0x47(71)
314.020,2210B0,"6210B028",0x28(40)
314.075,2210B9,"6210B900",0x00(0)
314.121,2210B1,"6210B100",0x00(0)
314.180,2210C1,"6210C130",0x30(48)
314.239,2210B4,"6210B431",0x31(49)
315.017,2210A8,"6210A800",0x00(0)
315.224,2210B0,"6210B028",0x28(40)
315.400,2210B9,"6210B900",0x00(0)
315.817,223050,"7F2231",ERR
315.936,2210D2,"6210D259",0x59(89)
316.854,2210A8,"6210A847",0x47(71)
317.091,2210B0,"6210B09A",0x9A(154)
317.172,2210B9,"6210B900",0x00(0)
317.924,2210A8,"6210A800",0x00(0)
317.979,2210B0,"6210B09E",0x9E(158)
318.025,2210B9,"6210B900",0x00(0)
318.217,2210B1,"6210B100",0x00(0)
318.271,2210C1,"6210C12A",0x2A(42)
318.328,2210B4,"6210B432",0x32(50)
319.288,2210A8,"6210A800",0x00(0)
319.330,2210B0,"6210B09E",0x9E(158)
319.375,2210B9,"6210B900",0x00(0)
319.896,223050,"7F2231",ERR
319.996,2210D2,"6210D259",0x59(89)
320.985,2210A8,"6210A800",0x00(0)
321.042,2210B0,"6210B09E",0x9E(158)
321.090,2210B9,"6210B900",0x00(0)
321.941,2210A8,"6210A800",0x00(0)
321.993,2210B0,"6210B09E",0x9E(158)
322.048,2210B9,"6210B900",0x00(0)
322.350,2210B1,"6210B100",0x00(0)
322.409,2210C1,"6210C12A",0x2A(42)
322.464,2210B4,"6210B432",0x32(50)
323.338,2210A8,"6210A800",0x00(0)
323.403,2210B0,"6210B09E",0x9E(158)
323.452,2210B9,"6210B900",0x00(0)
324.092,223050,"7F2231",ERR
324.184,2210D2,"6210D259",0x59(89)
325.105,2210A8,"6210A800",0x00(0)
325.152,2210B0,"6210B02A",0x2A(42)
325.204,2210B9,"6210B900",0x00(0)
325.985,2210A8,"6210A800",0x00(0)
326.033,2210B0,"6210B02A",0x2A(42)
326.095,2210B9,"6210B900",0x00(0)
327.144,2210A8,"6210A847",0x47(71)
327.194,2210B0,"6210B027",0x27(39)
327.259,2210B9,"6210B900",0x00(0)
327.314,2210B1,"6210B115",0x15(21)
327.362,2210C1,"6210C100",0x00(0)
327.414,2210B4,"6210B431",0x31(49)
328.458,2210A8,"6210A800",0x00(0)
328.504,2210B0,"6210B027",0x27(39)
328.556,2210B9,"6210B900",0x00(0)
328.956,223050,"7F2231",ERR
329.045,2210D2,"6210D259",0x59(89)
330.157,2210A8,"6210A847",0x47(71)
330.235,2210B0,"6210B028",0x28(40)
330.288,2210B9,"6210B900",0x00(0)
331.050,2210A8,"6210A800",0x00(0)
331.099,2210B0,"6210B027",0x27(39)
331.144,2210B9,"6210B900",0x00(0)
331.339,2210B1,"6210B105",0x05(5)
331.404,2210C1,"6210C12F",0x2F(47)
331.470,2210B4,"6210B432",0x32(50)
332.421,2210A8,"6210A846",0x46(70)
332.478,2210B0,"6210B027",0x27(39)
332.528,2210B9,"6210B900",0x00(0)
333.064,223050,"7F2231",ERR
333.175,2210D2,"6210D25A",0x5A(90)
334.191,2210A8,"6210A800",0x00(0)
334.236,2210B0,"6210B028",0x28(40)
334.293,2210B9,"6210B900",0x00(0)
335.076,2210A8,"6210A800",0x00(0)
335.122,2210B0,"6210B027",0x27(39)
335.178,2210B9,"6210B900",0x00(0)
335.492,2210B1,"6210B100",0x00(0)
335.541,2210C1,"6210C100",0x00(0)
335.595,2210B4,"6210B432",0x32(50)
336.429,2210A8,"6210A847",0x47(71)
336.477,2210B0,"6210B027",0x27(39)
336.522,2210B9,"6210B900",0x00(0)
337.165,223050,"7F2231",ERR
337.252,2210D2,"6210D25A",0x5A(90)
338.124,2210A8,"6210A846",0x46(70)
338.172,2210B0,"6210B09B",0x9B(155)
338.226,2210B9,"6210B900",0x00(0)
338.978,2210A8,"6210A800",0x00(0)
339.026,2210B0,"6210B09E",0x9E(158)
339.072,2210B9,"6210B900",0x00(0)
340.116,2210A8,"6210A847",0x47(71)
340.172,2210B0,"6210B09E",0x9E(158)
340.227,2210B9,"6210B900",0x00(0)
340.280,2210B1,"6210B101",0x01(1)
340.329,2210C1,"6210C114",0x14(20)
340.387,2210B4,"6210B432",0x32(50)
341.156,2210A8,"6210A800",0x00(0)
341.209,2210B0,"6210B09E",0x9E(158)
341.401,2210B9,"6210B900",0x00(0)
341.941,223050,"7F2231",ERR
342.033,2210D2,"6210D25A",0x5A(90)
342.869,2210A8,"6210A800",0x00(0)
342.922,2210B0,"6210B09E",0x9E(158)
342.963,2210B9,"6210B900",0x00(0)
344.021,2210A8,"6210A800",0x00(0)
344.075,2210B0,"6210B09E",0x9E(158)
344.136,2210B9,"6210B900",0x00(0)
344.357,2210B1,"6210B100",0x00(0)
344.407,2210C1,"6210C130",0x30(48)
344.451,2210B4,"6210B432",0x32(50)
345.413,2210A8,"6210A800",0x00(0)
345.467,2210B0,"6210B09C",0x9C(156)
345.518,2210B9,"6210B900",0x00(0)
346.076,223050,"7F2231",ERR
346.166,2210D2,"6210D25B",0x5B(91)
347.135,2210A8,"6210A847",0x47(71)
347.177,2210B0,"6210B09E",0x9E(158)
347.223,2210B9,"6210B900",0x00(0)
348.006,2210A8,"6210A847",0x47(71)
348.052,2210B0,"6210B09E",0x9E(158)
348.108,2210B9,"6210B900",0x00(0)
348.414,2210B1,"6210B100",0x00(0)
348.592,2210C1,"6210C100",0x00(0)
348.809,2210B4,"6210B432",0x32(50)
349.384,2210A8,"6210A846",0x46(70)
349.431,2210B0,"6210B02A",0x2A(42)
349.488,2210B9,"6210B900",0x00(0)
350.143,223050,"7F2231",ERR
350.243,2210D2,"6210D25B",0x5B(91)
351.147,2210A8,"6210A800",0x00(0)
351.210,2210B0,"6210B027",0x27(39)
351.264,2210B9,"6210B900",0x00(0)
352.290,2210A8,"6210A800",0x00(0)
352.347,2210B0,"6210B09A",0x9A(154)
352.423,2210B9,"6210B900",0x00(0)
353.202,2210A8,"6210A847",0x47(71)
353.270,2210B0,"6210B09A",0x9A(154)
353.320,2210B9,"6210B900",0x00(0)
353.384,2210B1,"6210B100",0x00(0)
353.571,2210C1,"6210C11B",0x1B(27)
353.723,2210B4,"6210B432",0x32(50)
354.567,2210A8,"6210A800",0x00(0)
354.619,2210B0,"6210B09E",0x9E(158)
354.671,2210B9,"6210B900",0x00(0)
355.129,223050,"7F2231",ERR
355.567,2210D2,"6210D25B",0x5B(91)
356.393,2210A8,"6210A846",0x46(70)
356.457,2210B0,"6210B09E",0x9E(158)
356.509,2210B9,"6210B900",0x00(0)
357.256,2210A8,"6210A800",0x00(0)
357.431,2210B0,"6210B09B",0x9B(155)
357.649,2210B9,"6210B900",0x00(0)
357.872,2210B1,"6210B100",0x00(0)
357.920,2210C1,"6210C12A",0x2A(42)
357.979,2210B4,"6210B432",0x32(50)
358.605,2210A8,"6210A845",0x45(69)
358.653,2210B0,"6210B09E",0x9E(158)
358.709,2210B9,"6210B900",0x00(0)
359.473,223050,"7F2231",ERR
359.633,2210D2,"6210D25B",0x5B(91)
360.349,2210A8,"6210A800",0x00(0)
360.400,2210B0,"6210B09D",0x9D(157)
360.450,2210B9,"6210B900",0x00(0)
361.563,2210A8,"6210A800",0x00(0)
361.624,2210B0,"6210B09E",0x9E(158)
361.674,2210B9,"6210B900",0x00(0)
361.976,2210B1,"6210B100",0x00(0)
362.024,2210C1,"6210C12A",0x2A(42)
362.070,2210B4,"6210B431",0x31(49)
362.640,2210A8,"6210A800",0x00(0)
362.848,2210B0,"6210B09D",0x9D(157)
363.017,2210B9,"6210B900",0x00(0)
363.667,223050,"7F2231",ERR
363.769,2210D2,"6210D25B",0x5B(91)
364.381,2210A8,"6210A846",0x46(70)
364.434,2210B0,"6210B02A",0x2A(42)
364.486,2210B9,"6210B900",0x00(0)
365.572,2210A8,"6210A845",0x45(69)
365.615,2210B0,"6210B027",0x27(39)
365.665,2210B9,"6210B900",0x00(0)
366.567,2210A8,"6210A800",0x00(0)
366.745,2210B0,"6210B09A",0x9A(154)
366.830,2210B9,"6210B900",0x00(0)
366.880,2210B1,"6210B100",0x00(0)
366.932,2210C1,"6210C12A",0x2A(42)
366.995,2210B4,"6210B431",0x31(49)
367.733,2210A8,"6210A800",0x00(0)
367.815,2210B0,"6210B09E",0x9E(158)
367.868,2210B9,"6210B900",0x00(0)
368.271,223050,"7F2231",ERR
368.640,2210D2,"6210D25C",0x5C(92)
369.544,2210A8,"6210A800",0x00(0)
369.594,2210B0,"6210B09E",0x9E(158)
369.645,2210B9,"6210B900",0x00(0)
370.723,2210A8,"6210A800",0x00(0)
370.778,2210B0,"6210B09E",0x9E(158)
370.828,2210B9,"6210B900",0x00(0)
371.030,2210B1,"6210B100",0x00(0)
371.080,2210C1,"6210C12A",0x2A(42)
371.128,2210B4,"6210B431",0x31(49)
371.820,2210A8,"6210A800",0x00(0)
371.873,2210B0,"6210B09E",0x9E(158)
371.920,2210B9,"6210B900",0x00(0)
372.581,223050,"7F2231",ERR
372.714,2210D2,"6210D25C",0x5C(92)
373.889,2210A8,"6210A847",0x47(71)
373.939,2210B0,"6210B09E",0x9E(158)
374.014,2210B9,"6210B900",0x00(0)
374.958,2210A8,"6210A800",0x00(0)
375.008,2210B0,"6210B09E",0x9E(158)
375.062,2210B9,"6210B900",0x00(0)
375.405,2210B1,"6210B101",0x01(1)
375.471,2210C1,"6210C100",0x00(0)
375.524,2210B4,"6210B432",0x32(50)
376.169,2210A8,"6210A847",0x47(71)
376.224,2210B0,"6210B09E",0x9E(158)
376.283,2210B9,"6210B900",0x00(0)
377.008,223050,"7F2231",ERR
377.105,2210D2,"6210D25C",0x5C(92)
377.749,2210A8,"6210A846",0x46(70)
377.804,2210B0,"6210B09E",0x9E(158)
377.865,2210B9,"6210B900",0x00(0)
378.731,2210A8,"6210A800",0x00(0)
378.792,2210B0,"6210B09E",0x9E(158)
378.837,2210B9,"6210B900",0x00(0)
379.645,2210A8,"6210A800",0x00(0)
379.691,2210B0,"6210B09E",0x9E(158)
379.752,2210B9,"6210B900",0x00(0)
379.818,2210B1,"6210B102",0x02(2)
379.861,2210C1,"6210C124",0x24(36)
379.914,2210B4,"6210B431",0x31(49)
380.723,2210A8,"6210A800",0x00(0)
380.774,2210B0,"6210B09E",0x9E(158)
380.829,2210B9,"6210B900",0x00(0)
381.306,223050,"7F2231",ERR
381.416,2210D2,"6210D25C",0x5C(92)
382.287,2210A8,"6210A847",0x47(71)
382.340,2210B0,"6210B09E",0x9E(158)
382.387,2210B9,"6210B900",0x00(0)
383.258,2210A8,"6210A847",0x47(71)
383.320,2210B0,"6210B09E",0x9E(158)
383.373,2210B9,"6210B900",0x00(0)
383.622,2210B1,"6210B100",0x00(0)
383.677,2210C1,"6210C106",0x06(6)
383.726,2210B4,"6210B431",0x31(49)
384.510,2210A8,"6210A800",0x00(0)
384.567,2210B0,"6210B09E",0x9E(158)
384.623,2210B9,"6210B900",0x00(0)
385.204,223050,"7F2231",ERR
385.311,2210D2,"6210D25D",0x5D(93)
386.093,2210A8,"6210A800",0x00(0)
386.144,2210B0,"6210B09E",0x9E(158)
386.191,2210B9,"6210B900",0x00(0)
387.033,2210A8,"6210A800",0x00(0)
387.084,2210B0,"6210B09E",0x9E(158)
387.141,2210B9,"6210B900",0x00(0)
387.422,2210B1,"6210B103",0x03(3)
387.468,2210C1,"6210C100",0x00(0)
387.528,2210B4,"6210B431",0x31(49)
388.134,2210A8,"6210A846",0x46(70)
388.179,2210B0,"6210B02A",0x2A(42)
388.264,2210B9,"6210B900",0x00(0)
388.939,223050,"7F2231",ERR
389.076,2210D2,"6210D25D",0x5D(93)
389.790,2210A8,"6210A800",0x00(0)
389.851,2210B0,"6210B027",0x27(39)
389.894,2210B9,"6210B900",0x00(0)
390.774,2210A8,"6210A800",0x00(0)
390.861,2210B0,"6210B027",0x27(39)
390.908,2210B9,"6210B900",0x00(0)
391.929,2210A8,"6210A846",0x46(70)
391.971,2210B0,"6210B027",0x27(39)
392.044,2210B9,"6210B900",0x00(0)
392.101,2210B1,"6210B119",0x19(25)
392.153,2210C1,"6210C119",0x19(25)
392.202,2210B4,"6210B431",0x31(49)
392.947,2210A8,"6210A847",0x47(71)
393.135,2210B0,"6210B027",0x27(39)
393.321,2210B9,"6210B900",0x00(0)
393.801,223050,"7F2231",ERR
393.896,2210D2,"6210D25E",0x5E(94)
394.728,2210A8,"6210A847",0x47(71)
394.782,2210B0,"6210B027",0x27(39)
394.840,2210B9,"6210B900",0x00(0)
395.991,2210A8,"6210A800",0x00(0)
396.043,2210B0,"6210B027",0x27(39)
396.086,2210B9,"6210B900",0x00(0)
396.281,2210B1,"6210B112",0x12(18)
396.332,2210C1,"6210C119",0x19(25)
396.378,2210B4,"6210B432",0x32(50)
397.398,2210A8,"6210A800",0x00(0)
397.470,2210B0,"6210B027",0x27(39)
397.531,2210B9,"6210B900",0x00(0)
398.021,223050,"7F2231",ERR
398.137,2210D2,"6210D25E",0x5E(94)
399.004,2210A8,"OK",ERR
399.023,2210B0,"6210A846STOPPED",ERR
399.030,2210B9,"",ERR
399.736,2210A8,"6210A847",0x47(71)
399.801,2210B0,"6210B027",0x27(39)
399.856,2210B9,"6210B900",0x00(0)
400.166,2210B1,"6210B10B",0x0B(11)
400.224,2210C1,"6210C133",0x33(51)
400.280,2210B4,"6210B431",0x31(49)
401.130,2210A8,"6210A846",0x46(70)
401.182,2210B0,"6210B027",0x27(39)
401.238,2210B9,"6210B900",0x00(0)
401.890,223050,"7F2231",ERR
401.981,2210D2,"6210D25E",0x5E(94)
402.967,2210A8,"6210A800",0x00(0)
403.017,2210B0,"6210B027",0x27(39)
403.059,2210B9,"6210B900",0x00(0)
403.881,2210A8,"6210A800",0x00(0)
403.929,2210B0,"6210B027",0x27(39)
404.011,2210B9,"6210B900",0x00(0)
405.070,2210A8,"?",ERR
405.105,2210B0,"6210A846STOPPED",ERR
405.159,2210B9,"6210B900",0x00(0)
405.216,2210B1,"6210B100",0x00(0)
405.273,2210C1,"6210C12B",0x2B(43)
405.327,2210B4,"6210B432",0x32(50)
406.417,2210A8,"6210A800",0x00(0)
406.478,2210B0,"6210B027",0x27(39)
406.523,2210B9,"6210B900",0x00(0)
406.939,223050,"7F2231",ERR
407.018,2210D2,"6210D25E",0x5E(94)
407.864,2210A8,"6210A800",0x00(0)
407.914,2210B0,"6210B027",0x27(39)
407.960,2210B9,"6210B900",0x00(0)
409.030,2210A8,"6210A846",0x46(70)
409.083,2210B0,"6210B027",0x27(39)
409.128,2210B9,"6210B900",0x00(0)
409.321,2210B1,"6210B100",0x00(0)
409.384,2210C1,"6210C12B",0x2B(43)
409.440,2210B4,"6210B431",0x31(49)
410.410,2210A8,"6210A800",0x00(0)
410.454,2210B0,"6210B027",0x27(39)
410.502,2210B9,"6210B900",0x00(0)
411.019,223050,"7F2231",ERR
411.125,2210D2,"6210D25F",0x5F(95)
412.181,2210A8,"6210A800",0x00(0)
412.239,2210B0,"6210B027",0x27(39)
412.291,2210B9,"6210B900",0x00(0)
413.096,2210A8,"6210A846",0x46(70)
413.153,2210B0,"6210B09B",0x9B(155)
413.203,2210B9,"6210B900",0x00(0)
413.676,2210B1,"6210B100",0x00(0)
413.867,2210C1,"6210C11A",0x1A(26)
413.925,2210B4,"6210B431",0x31(49)
414.475,2210A8,"6210A800",0x00(0)
414.535,2210B0,"6210B09E",0x9E(158)
414.589,2210B9,"6210B900",0x00(0)
415.216,223050,"7F2231",ERR
415.367,2210D2,"6210D25F",0x5F(95)
416.280,2210A8,"6210A800",0x00(0)
416.331,2210B0,"6210B09E",0x9E(158)
416.423,2210B9,"6210B900",0x00(0)
417.180,2210A8,"6210A800",0x00(0)
417.395,2210B0,"6210B09C",0x9C(156)
417.522,2210B9,"6210B900",0x00(0)
418.306,2210A8,"6210A845",0x45(69)
418.354,2210B0,"6210B09C",0x9C(156)
418.413,2210B9,"6210B900",0x00(0)
418.467,2210B1,"6210B105",0x05(5)
418.518,2210C1,"6210C12B",0x2B(43)
418.579,2210B4,"6210B432",0x32(50)
419.616,2210A8,"6210A846",0x46(70)
419.668,2210B0,"6210B02A",0x2A(42)
419.732,2210B9,"6210B900",0x00(0)
420.152,223050,"7F2231",ERR
420.295,2210D2,"6210D25F",0x5F(95)
421.438,2210A8,"6210A845",0x45(69)
421.490,2210B0,"6210B027",0x27(39)
421.547,2210B9,"6210B900",0x00(0)
422.298,2210A8,"6210A845",0x45(69)
422.344,2210B0,"6210B027",0x27(39)
422.405,2210B9,"6210B900",0x00(0)
422.602,2210B1,"6210B108",0x08(8)
422.664,2210C1,"6210C116",0x16(22)
422.755,2210B4,"6210B432",0x32(50)
423.711,2210A8,"6210A846",0x46(70)
423.765,2210B0,"6210B028",0x28(40)
423.819,2210B9,"6210B900",0x00(0)
424.376,223050,"7F2231",ERR
424.473,2210D2,"6210D25F",0x5F(95)
425.467,2210A8,"6210A800",0x00(0)
425.519,2210B0,"6210B027",0x27(39)
425.570,2210B9,"6210B900",0x00(0)
426.357,2210A8,"6210A800",0x00(0)
426.405,2210B0,"6210B027",0x27(39)
426.464,2210B9,"6210B900",0x00(0)
427.084,2210B1,"6210B116",0x16(22)
427.128,2210C1,"6210C134",0x34(52)
427.174,2210B4,"6210B431",0x31(49)
427.731,2210A8,"6210A800",0x00(0)
427.794,2210B0,"6210B027",0x27(39)
427.849,2210B9,"6210B900",0x00(0)
428.799,223050,"7F2231",ERR
428.913,2210D2,"6210D260",0x60(96)
429.549,2210A8,"6210A800",0x00(0)
429.598,2210B0,"6210B027",0x27(39)
429.644,2210B9,"6210B900",0x00(0)
430.722,2210A8,"6210A845",0x45(69)
430.802,2210B0,"6210B09B",0x9B(155)
430.860,2210B9,"6210B900",0x00(0)
431.664,2210A8,"6210A800",0x00(0)
431.714,2210B0,"6210B09B",0x9B(155)
431.770,2210B9,"6210B900",0x00(0)
431.817,2210B1,"6210B100",0x00(0)
431.867,2210C1,"6210C12A",0x2A(42)
431.919,2210B4,"6210B432",0x32(50)
432.997,2210A8,"6210A846",0x46(70)
433.068,2210B0,"6210B09E",0x9E(158)
433.140,2210B9,"6210B900",0x00(0)
433.570,223050,"7F2231",ERR
433.658,2210D2,"6210D260",0x60(96)
434.615,2210A8,"6210A846",0x46(70)
434.661,2210B0,"6210B09E",0x9E(158)
434.726,2210B9,"6210B900",0x00(0)
435.913,2210A8,"6210A800",0x00(0)
435.968,2210B0,"6210B09E",0x9E(158)
436.018,2210B9,"6210B900",0x00(0)
436.216,2210B1,"6210B100",0x00(0)
436.266,2210C1,"6210C12A",0x2A(42)
436.321,2210B4,"6210B432",0x32(50)
437.040,2210A8,"6210A800",0x00(0)
437.098,2210B0,"6210B09E",0x9E(158)
437.148,2210B9,"6210B900",0x00(0)
438.045,223050,"7F2231",ERR
438.198,2210D2,"6210D260",0x60(96)
438.920,2210A8,"6210A800",0x00(0)
438.976,2210B0,"6210B09E",0x9E(158)
439.204,2210B9,"6210B900",0x00(0)
440.109,2210A8,"6210A800",0x00(0)
440.155,2210B0,"6210B09E",0x9E(158)
440.207,2210B9,"6210B900",0x00(0)
440.558,2210B1,"6210B100",0x00(0)
440.609,2210C1,"6210C100",0x00(0)
440.655,2210B4,"6210B432",0x32(50)
441.487,2210A8,"6210A845",0x45(69)
441.543,2210B0,"6210B09E",0x9E(158)
441.596,2210B9,"6210B900",0x00(0)
442.213,223050,"7F2231",ERR
442.324,2210D2,"6210D261",0x61(97)
443.067,2210A8,"6210A845",0x45(69)
443.115,2210B0,"6210B02A",0x2A(42)
443.174,2210B9,"6210B900",0x00(0)
443.997,2210A8,"6210A800",0x00(0)
444.050,2210B0,"6210B027",0x27(39)
444.103,2210B9,"6210B900",0x00(0)
445.041,2210A8,"6210A800",0x00(0)
445.094,2210B0,"6210B027",0x27(39)
445.141,2210B9,"6210B900",0x00(0)
445.196,2210B1,"6210B101",0x01(1)
445.255,2210C1,"6210C130",0x30(48)
445.333,2210B4,"6210B432",0x32(50)
446.175,2210A8,"6210A844",0x44(68)
446.229,2210B0,"6210B09B",0x9B(155)
446.283,2210B9,"6210B900",0x00(0)
446.770,223050,"7F2231",ERR
446.870,2210D2,"6210D261",0x61(97)
447.743,2210A8,"6210A800",0x00(0)
447.809,2210B0,"6210B09E",0x9E(158)
447.871,2210B9,"6210B900",0x00(0)
448.766,2210A8,"6210A800",0x00(0)
448.814,2210B0,"6210B09E",0x9E(158)
448.873,2210B9,"6210B900",0x00(0)
449.103,2210B1,"6210B105",0x05(5)
449.169,2210C1,"6210C134",0x34(52)
449.236,2210B4,"6210B432",0x32(50)
449.964,2210A8,"6210A800",0x00(0)
450.012,2210B0,"6210B09E",0x9E(158)
450.058,2210B9,"6210B900",0x00(0)
450.618,223050,"7F2231",ERR
450.697,2210D2,"6210D261",0x61(97)
451.782,2210A8,"6210A843",0x43(67)
451.835,2210B0,"6210B09E",0x9E(158)
451.888,2210B9,"6210B900",0x00(0)
452.679,2210A8,"6210A844",0x44(68)
452.721,2210B0,"6210B09E",0x9E(158)
452.777,2210B9,"6210B900",0x00(0)
453.064,2210B1,"6210B102",0x02(2)
453.119,2210C1,"6210C11C",0x1C(28)
453.192,2210B4,"6210B432",0x32(50)
454.043,2210A8,"6210A843",0x43(67)
454.094,2210B0,"6210B09E",0x9E(158)
454.146,2210B9,"6210B900",0x00(0)
454.827,223050,"7F2231",ERR
454.924,2210D2,"6210D262",0x62(98)
455.864,2210A8,"6210A842",0x42(66)
455.907,2210B0,"6210B09E",0x9E(158)
455.951,2210B9,"6210B900",0x00(0)
456.774,2210A8,"6210A843",0x43(67)
456.818,2210B0,"6210B09E",0x9E(158)
456.866,2210B9,"6210B900",0x00(0)
457.924,2210A8,"6210A800",0x00(0)
457.972,2210B0,"6210B09E",0x9E(158)
458.018,2210B9,"6210B900",0x00(0)
458.062,2210B1,"6210B100",0x00(0)
458.117,2210C1,"6210C11F",0x1F(31)
458.172,2210B4,"6210B431",0x31(49)
459.238,2210A8,"6210A843",0x43(67)
459.290,2210B0,"6210B09E",0x9E(158)
459.346,2210B9,"6210B900",0x00(0)
459.741,223050,"7F2231",ERR
459.848,2210D2,"6210D262",0x62(98)
460.710,2210A8,"6210A800",0x00(0)
460.759,2210B0,"6210B09E",0x9E(158)
460.804,2210B9,"6210B900",0x00(0)
461.901,2210A8,"6210A800",0x00(0)
461.947,2210B0,"6210B09E",0x9E(158)
462.006,2210B9,"6210B900",0x00(0)
462.207,2210B1,"6210B10F",0x0F(15)
462.262,2210C1,"6210C10F",0x0F(15)
462.306,2210B4,"6210B432",0x32(50)
463.279,2210A8,"6210A800",0x00(0)
463.339,2210B0,"6210B02A",0x2A(42)
463.401,2210B9,"6210B900",0x00(0)
463.940,223050,"7F2231",ERR
464.050,2210D2,"6210D262",0x62(98)
465.123,2210A8,"6210A800",0x00(0)
465.180,2210B0,"6210B027",0x27(39)
465.230,2210B9,"6210B900",0x00(0)
466.010,2210A8,"6210A800",0x00(0)
466.065,2210B0,"6210B05B",0x5B(91)
466.109,2210B9,"6210B900",0x00(0)
466.608,2210B1,"?",ERR
466.621,2210C1,"STOPPED",ERR
466.637,2210B4,"STOPPED",ERR
466.809,2210A8,"?",ERR
466.823,2210B0,"6210A843STOPPED",ERR
466.828,2210B9,"",ERR
467.452,223050,"7F2231",ERR
467.561,2210D2,"6210D262",0x62(98)
468.350,2210A8,"6210A842",0x42(66)
468.533,2210B0,"6210B02B",0x2B(43)
468.615,2210B9,"6210B900",0x00(0)
469.431,2210A8,"6210A842",0x42(66)
469.482,2210B0,"6210B03F",0x3F(63)
469.537,2210B9,"6210B900",0x00(0)
470.618,2210A8,"6210A843",0x43(67)
470.673,2210B0,"6210B09B",0x9B(155)
470.722,2210B9,"6210B900",0x00(0)
470.770,2210B1,"6210B101",0x01(1)
470.820,2210C1,"6210C111",0x11(17)
470.886,2210B4,"6210B432",0x32(50)
471.681,2210A8,"6210A800",0x00(0)
471.727,2210B0,"6210B09E",0x9E(158)
471.784,2210B9,"6210B900",0x00(0)
472.493,223050,"7F2231",ERR
472.571,2210D2,"6210D262",0x62(98)
473.427,2210A8,"6210A842",0x42(66)
473.484,2210B0,"6210B02A",0x2A(42)
473.543,2210B9,"6210B900",0x00(0)
474.630,2210A8,"6210A843",0x43(67)
474.678,2210B0,"6210B027",0x27(39)
474.732,2210B9,"6210B900",0x00(0)
474.934,2210B1,"6210B10B",0x0B(11)
474.994,2210C1,"6210C131",0x31(49)
475.050,2210B4,"6210B432",0x32(50)
475.812,2210A8,"6210A843",0x43(67)
476.011,2210B0,"6210B027",0x27(39)
476.151,2210B9,"6210B900",0x00(0)
476.660,223050,"7F2231",ERR
476.768,2210D2,"6210D263",0x63(99)
477.517,2210A8,"6210A800",0x00(0)
477.566,2210B0,"6210B027",0x27(39)
477.647,2210B9,"6210B900",0x00(0)
478.656,2210A8,"6210A800",0x00(0)
478.711,2210B0,"6210B027",0x27(39)
478.764,2210B9,"6210B900",0x00(0)
479.086,2210B1,"6210B10F",0x0F(15)
479.155,2210C1,"6210C128",0x28(40)
479.199,2210B4,"6210B432",0x32(50)
480.055,2210A8,"6210A800",0x00(0)
480.114,2210B0,"6210B027",0x27(39)
480.168,2210B9,"6210B900",0x00(0)
480.813,223050,"7F2231",ERR
480.902,2210D2,"6210D263",0x63(99)
481.798,2210A8,"6210A800",0x00(0)
481.862,2210B0,"6210B027",0x27(39)
481.905,2210B9,"6210B900",0x00(0)
482.713,2210A8,"6210A800",0x00(0)
482.772,2210B0,"6210B027",0x27(39)
482.830,2210B9,"6210B900",0x00(0)
483.951,2210A8,"6210A843",0x43(67)
484.006,2210B0,"6210B027",0x27(39)
484.058,2210B9,"6210B900",0x00(0)
484.110,2210B1,"6210B10D",0x0D(13)
484.158,2210C1,"6210C131",0x31(49)
484.207,2210B4,"6210B432",0x32(50)
485.050,2210A8,"6210A843",0x43(67)
485.295,2210B0,"6210B027",0x27(39)
485.399,2210B9,"6210B900",0x00(0)
485.853,223050,"7F2231",ERR
485.950,2210D2,"6210D263",0x63(99)
486.768,2210A8,"6210A800",0x00(0)
486.940,2210B0,"6210B027",0x27(39)
487.143,2210B9,"6210B900",0x00(0)
487.968,2210A8,"6210A800",0x00(0)
488.016,2210B0,"6210B027",0x27(39)
488.097,2210B9,"6210B900",0x00(0)
488.302,2210B1,"6210B10A",0x0A(10)
488.349,2210C1,"6210C12D",0x2D(45)
488.390,2210B4,"6210B431",0x31(49)
489.380,2210A8,"6210A800",0x00(0)
489.437,2210B0,"6210B027",0x27(39)
489.490,2210B9,"6210B900",0x00(0)
490.028,223050,"7F2231",ERR
490.141,2210D2,"6210D263",0x63(99)
491.154,2210A8,"6210A843",0x43(67)
491.203,2210B0,"6210B027",0x27(39)
491.262,2210B9,"6210B900",0x00(0)
492.074,2210A8,"6210A800",0x00(0)
492.133,2210B0,"6210B027",0x27(39)
492.189,2210B9,"6210B900",0x00(0)
492.608,2210B1,"6210B114",0x14(20)
492.757,2210C1,"6210C137",0x37(55)
492.853,2210B4,"6210B432",0x32(50)
493.472,2210A8,"6210A800",0x00(0)
493.517,2210B0,"6210B027",0x27(39)
493.570,2210B9,"6210B900",0x00(0)
494.238,223050,"7F2231",ERR
494.598,2210D2,"6210D263",0x63(99)
495.252,2210A8,"6210A800",0x00(0)
495.296,2210B0,"6210B027",0x27(39)
495.352,2210B9,"6210B900",0x00(0)
496.429,2210A8,"6210A800",0x00(0)
496.483,2210B0,"6210B027",0x27(39)
496.530,2210B9,"6210B900",0x00(0)
497.299,2210A8,"6210A842",0x42(66)
497.349,2210B0,"6210B09B",0x9B(155)
497.399,2210B9,"6210B900",0x00(0)
497.448,2210B1,"6210B101",0x01(1)
497.514,2210C1,"6210C123",0x23(35)
497.565,2210B4,"6210B431",0x31(49)
498.652,2210A8,"6210A800",0x00(0)
498.708,2210B0,"6210B09E",0x9E(158)
498.761,2210B9,"6210B900",0x00(0)
499.175,223050,"7F2231",ERR
499.265,2210D2,"6210D263",0x63(99)
500.387,2210A8,"6210A845",0x45(69)
500.451,2210B0,"6210B09E",0x9E(158)
500.515,2210B9,"6210B900",0x00(0)
501.331,2210A8,"6210A845",0x45(69)
501.383,2210B0,"6210B09E",0x9E(158)
501.432,2210B9,"6210B900",0x00(0)
501.636,2210B1,"6210B100",0x00(0)
501.851,2210C1,"6210C130",0x30(48)
502.031,2210B4,"6210B431",0x31(49)
502.733,2210A8,"6210A845",0x45(69)
502.788,2210B0,"6210B09E",0x9E(158)
502.832,2210B9,"6210B900",0x00(0)
503.358,223050,"7F2231",ERR
503.457,2210D2,"6210D264",0x64(100)
504.454,2210A8,"6210A800",0x00(0)
504.502,2210B0,"6210B02A",0x2A(42)
504.550,2210B9,"6210B900",0x00(0)
505.334,2210A8,"6210A800",0x00(0)
505.392,2210B0,"6210B070",0x70(112)
505.440,2210B9,"6210B900",0x00(0)
506.085,2210B1,"6210B101",0x01(1)
506.135,2210C1,"6210C11C",0x1C(28)
506.192,2210B4,"6210B431",0x31(49)
506.735,2210A8,"6210A800",0x00(0)
506.790,2210B0,"6210B09B",0x9B(155)
506.847,2210B9,"6210B900",0x00(0)
507.772,223050,"7F2231",ERR
507.876,2210D2,"6210D264",0x64(100)
508.475,2210A8,"6210A800",0x00(0)
508.523,2210B0,"6210B09E",0x9E(158)
508.598,2210B9,"6210B900",0x00(0)
509.652,2210A8,"6210A800",0x00(0)
509.707,2210B0,"6210B09E",0x9E(158)
509.762,2210B9,"6210B900",0x00(0)
510.571,2210A8,"6210A844",0x44(68)
510.635,2210B0,"6210B09E",0x9E(158)
510.684,2210B9,"6210B900",0x00(0)
510.738,2210B1,"6210B100",0x00(0)
510.797,2210C1,"6210C12B",0x2B(43)
510.854,2210B4,"6210B431",0x31(49)
511.927,2210A8,"6210A800",0x00(0)
511.982,2210B0,"6210B02A",0x2A(42)
512.036,2210B9,"6210B900",0x00(0)
512.490,223050,"7F2231",ERR
512.571,2210D2,"6210D264",0x64(100)
513.718,2210A8,"6210A843",0x43(67)
513.773,2210B0,"6210B027",0x27(39)
513.824,2210B9,"6210B900",0x00(0)
514.556,2210A8,"6210A800",0x00(0)
514.610,2210B0,"6210B027",0x27(39)
514.669,2210B9,"6210B900",0x00(0)
515.083,2210B1,"6210B111",0x11(17)
515.258,2210C1,"6210C134",0x34(52)
515.306,2210B4,"6210B432",0x32(50)
515.962,2210A8,"6210A843",0x43(67)
516.007,2210B0,"6210B027",0x27(39)
516.053,2210B9,"6210B900",0x00(0)
516.635,223050,"7F2231",ERR
516.766,2210D2,"6210D265",0x65(101)
517.484,2210A8,"6210A842",0x42(66)
517.574,2210B0,"6210B027",0x27(39)
517.632,2210B9,"6210B900",0x00(0)
518.418,2210A8,"6210A800",0x00(0)
518.469,2210B0,"6210B027",0x27(39)
518.536,2210B9,"6210B900",0x00(0)
518.924,2210B1,"6210B100",0x00(0)
518.987,2210C1,"6210C12B",0x2B(43)
519.040,2210B4,"6210B432",0x32(50)
519.667,2210A8,"6210A800",0x00(0)
519.722,2210B0,"6210B09B",0x9B(155)
519.783,2210B9,"6210B900",0x00(0)
520.474,223050,"7F2231",ERR
520.634,2210D2,"6210D265",0x65(101)
521.314,2210A8,"6210A842",0x42(66)
521.387,2210B0,"6210B029",0x29(41)
521.478,2210B9,"6210B900",0x00(0)
522.333,2210A8,"6210A800",0x00(0)
522.412,2210B0,"6210B029",0x29(41)
522.458,2210B9,"6210B900",0x00(0)
523.331,2210A8,"6210A800",0x00(0)
523.391,2210B0,"6210B028",0x28(40)
523.448,2210B9,"6210B900",0x00(0)
523.507,2210B1,"6210B107",0x07(7)
523.571,2210C1,"6210C131",0x31(49)
523.640,2210B4,"6210B432",0x32(50)
524.536,2210A8,"6210A800",0x00(0)
524.621,2210B0,"6210B028",0x28(40)
524.673,2210B9,"6210B900",0x00(0)
525.160,223050,"7F2231",ERR
525.314,2210D2,"6210D265",0x65(101)
526.177,2210A8,"6210A842",0x42(66)
526.243,2210B0,"6210B09B",0x9B(155)
526.302,2210B9,"6210B900",0x00(0)
527.393,2210A8,"6210A800",0x00(0)
527.440,2210B0,"6210B09E",0x9E(158)
527.487,2210B9,"6210B900",0x00(0)
527.692,2210B1,"6210B102",0x02(2)
527.778,2210C1,"6210C129",0x29(41)
527.829,2210B4,"6210B432",0x32(50)
528.447,2210A8,"6210A800",0x00(0)
528.510,2210B0,"6210B05C",0x5C(92)
528.558,2210B9,"6210B900",0x00(0)
529.427,223050,"7F2231412F32",ERR
529.529,2210D2,"6210D266",0x66(102)
530.358,2210A8,"6210A842",0x42(66)
530.431,2210B0,"6210B02741210000",0x27(39)+0x41(65)
530.488,2210B9,"6210B900",0x00(0)
531.705,2210A8,"6210A800",0x00(0)
531.766,2210B0,"6210B027",0x27(39)
531.827,2210B9,"6210B900",0x00(0)
532.206,2210B1,"6210B101",0x01(1)
532.275,2210C1,"6210C132",0x32(50)
532.335,2210B4,"6210B432",0x32(50)
533.238,2210A8,"6210A800",0x00(0)
533.304,2210B0,"6210B027",0x27(39)
533.369,2210B9,"6210B900",0x00(0)
534.042,223050,"7F2231",ERR
534.180,2210D2,"6210D266",0x66(102)
535.102,2210A8,"6210A800",0x00(0)
535.160,2210B0,"6210B027",0x27(39)
535.219,2210B9,"6210B900",0x00(0)
536.118,2210A8,"6210A800",0x00(0)
536.302,2210B0,"6210B027",0x27(39)
536.561,2210B9,"6210B900",0x00(0)
537.440,2210A8,"6210A800",0x00(0)
537.499,2210B0,"6210B028",0x28(40)
537.553,2210B9,"6210B900",0x00(0)
537.614,2210B1,"6210B102",0x02(2)
537.665,2210C1,"6210C115",0x15(21)
537.713,2210B4,"6210B432",0x32(50)
538.739,2210A8,"6210A800",0x00(0)
538.789,2210B0,"6210B027",0x27(39)
538.846,2210B9,"6210B900",0x00(0)
539.246,223050,"7F2231",ERR
539.374,2210D2,"6210D266",0x66(102)
540.442,2210A8,"6210A800",0x00(0)
540.484,2210B0,"6210B09B",0x9B(155)
540.577,2210B9,"6210B900",0x00(0)
541.328,2210A8,"6210A842",0x42(66)
541.380,2210B0,"6210B09B",0x9B(155)
541.428,2210B9,"6210B900",0x00(0)
541.634,2210B1,"6210B100",0x00(0)
541.682,2210C1,"6210C100",0x00(0)
541.736,2210B4,"6210B431",0x31(49)
542.651,2210A8,"6210A842",0x42(66)
542.699,2210B0,"6210B029",0x29(41)
542.749,2210B9,"6210B900",0x00(0)
543.250,223050,"7F2231",ERR
543.348,2210D2,"6210D266",0x66(102)
544.359,2210A8,"6210A842",0x42(66)
544.419,2210B0,"6210B028",0x28(40)
544.497,2210B9,"6210B900",0x00(0)
545.246,2210A8,"6210A842",0x42(66)
545.299,2210B0,"6210B028",0x28(40)
545.368,2210B9,"6210B900",0x00(0)
545.960,2210B1,"6210B116",0x16(22)
546.017,2210C1,"6210C134",0x34(52)
546.070,2210B4,"6210B431",0x31(49)
546.668,2210A8,"6210A842",0x42(66)
546.712,2210B0,"6210B027",0x27(39)
546.756,2210B9,"6210B900",0x00(0)
547.734,223050,"7F2231",ERR
547.833,2210D2,"6210D267",0x67(103)
548.436,2210A8,"6210A800",0x00(0)
548.481,2210B0,"6210B028",0x28(40)
548.529,2210B9,"6210B900",0x00(0)
549.558,2210A8,"6210A800",0x00(0)
549.693,2210B0,"6210B027",0x27(39)
549.736,2210B9,"6210B900",0x00(0)
550.486,2210A8,"6210A800",0x00(0)
550.542,2210B0,"6210B027",0x27(39)
550.594,2210B9,"6210B900",0x00(0)
550.644,2210B1,"6210B10C",0x0C(12)
550.701,2210C1,"6210C131",0x31(49)
550.746,2210B4,"6210B432",0x32(50)
551.811,2210A8,"6210A800",0x00(0)
551.858,2210B0,"6210B028",0x28(40)
551.907,2210B9,"6210B900",0x00(0)
552.310,223050,"7F2231",ERR
552.385,2210D2,"6210D267",0x67(103)
553.466,2210A8,"6210A842",0x42(66)
553.516,2210B0,"6210B027",0x27(39)
553.562,2210B9,"6210B900",0x00(0)
554.315,2210A8,"6210A842",0x42(66)
554.363,2210B0,"6210B027",0x27(39)
554.409,2210B9,"6210B900",0x00(0)
554.602,2210B1,"6210B10C",0x0C(12)
554.665,2210C1,"6210C131",0x31(49)
554.708,2210B4,"6210B432",0x32(50)
555.383,2210A8,"6210A800",0x00(0)
555.427,2210B0,"6210B027",0x27(39)
555.489,2210B9,"6210B900",0x00(0)
556.059,223050,"7F2231",ERR
556.150,2210D2,"6210D268",0x68(104)
556.916,2210A8,"6210A843",0x43(67)
556.976,2210B0,"6210B028",0x28(40)
557.030,2210B9,"6210B900",0x00(0)
557.788,2210A8,"6210A800",0x00(0)
557.837,2210B0,"6210B027",0x27(39)
557.886,2210B9,"6210B900",0x00(0)
558.236,2210B1,"6210B10C",0x0C(12)
558.307,2210C1,"6210C118",0x18(24)
558.355,2210B4,"6210B432",0x32(50)
558.961,2210A8,"6210A800",0x00(0)
559.011,2210B0,"6210B028",0x28(40)
559.067,2210B9,"6210B900",0x00(0)
559.680,223050,"7F2231",ERR
559.794,2210D2,"6210D268",0x68(104)
560.431,2210A8,"6210A842",0x42(66)
560.472,2210B0,"6210B028",0x28(40)
560.531,2210B9,"6210B900",0x00(0)
561.372,2210A8,"6210A800",0x00(0)
561.431,2210B0,"6210B028",0x28(40)
561.502,2210B9,"6210B900",0x00(0)
562.316,2210A8,"6210A842",0x42(66)
562.391,2210B0,"6210B028",0x28(40)
562.434,2210B9,"6210B900",0x00(0)
562.502,2210B1,"6210B10C",0x0C(12)
562.558,2210C1,"6210C133",0x33(51)
562.636,2210B4,"6210B432",0x32(50)
563.494,2210A8,"6210A800",0x00(0)
563.559,2210B0,"6210B027",0x27(39)
563.619,2210B9,"6210B900",0x00(0)
564.171,223050,"7F2231",ERR
564.366,2210D2,"6210D268",0x68(104)
565.764,2210A8,"6210A800",0x00(0)
565.812,2210B0,"6210B027",0x27(39)
565.867,2210B9,"6210B900",0x00(0)
566.626,2210A8,"6210A842",0x42(66)
566.687,2210B0,"6210B027",0x27(39)
566.741,2210B9,"6210B900",0x00(0)
566.921,2210B1,"6210B116",0x16(22)
566.973,2210C1,"6210C134",0x34(52)
567.028,2210B4,"6210B431",0x31(49)
567.960,2210A8,"6210A800",0x00(0)
568.008,2210B0,"6210B027",0x27(39)
568.055,2210B9,"6210B900",0x00(0)
568.543,223050,"7F2231",ERR
568.652,2210D2,"6210D268",0x68(104)
569.672,2210A8,"6210A800",0x00(0)
569.728,2210B0,"6210B028",0x28(40)
569.778,2210B9,"6210B900",0x00(0)
570.539,2210A8,"6210A800",0x00(0)
570.587,2210B0,"6210B028",0x28(40)
570.645,2210B9,"6210B900",0x00(0)
570.956,2210B1,"6210B115",0x15(21)
571.149,2210C1,"6210C10F",0x0F(15)
571.346,2210B4,"6210B432",0x32(50)
571.898,2210A8,"6210A842",0x42(66)
571.950,2210B0,"6210B027",0x27(39)
571.999,2210B9,"6210B900",0x00(0)
572.707,223050,"7F2231",ERR
573.097,2210D2,"6210D268",0x68(104)
573.647,2210A8,"6210A800",0x00(0)
573.713,2210B0,"6210B02E",0x2E(46)
573.765,2210B9,"6210B900",0x00(0)
574.519,2210A8,"6210A800",0x00(0)
574.576,2210B0,"6210B09C",0x9C(156)
574.679,2210B9,"6210B900",0x00(0)
575.707,2210A8,"6210A843",0x43(67)
575.755,2210B0,"6210B09E",0x9E(158)
575.809,2210B9,"6210B900",0x00(0)
575.861,2210B1,"6210B100",0x00(0)
575.913,2210C1,"6210C120",0x20(32)
575.967,2210B4,"6210B432",0x32(50)
577.043,2210A8,"6210A800",0x00(0)
577.102,2210B0,"6210B09E",0x9E(158)
577.159,2210B9,"6210B900",0x00(0)
577.553,223050,"7F2231",ERR
577.653,2210D2,"6210D269",0x69(105)
578.720,2210A8,"6210A800",0x00(0)
578.775,2210B0,"6210B09E",0x9E(158)
578.822,2210B9,"6210B900",0x00(0)
579.596,2210A8,"6210A842",0x42(66)
579.648,2210B0,"6210B09E",0x9E(158)
579.702,2210B9,"6210B900",0x00(0)
579.905,2210B1,"6210B100",0x00(0)
579.959,2210C1,"6210C120",0x20(32)
580.009,2210B4,"6210B432",0x32(50)
580.950,2210A8,"6210A800",0x00(0)
581.011,2210B0,"6210B09E",0x9E(158)
581.055,2210B9,"6210B900",0x00(0)
581.631,223050,"7F2231",ERR
581.729,2210D2,"6210D269",0x69(105)
582.577,2210A8,"6210A800",0x00(0)
582.634,2210B0,"6210B09E",0x9E(158)
582.695,2210B9,"6210B900",0x00(0)
583.576,2210A8,"6210A800",0x00(0)
583.676,2210B0,"6210B09E",0x9E(158)
583.758,2210B9,"6210B900",0x00(0)
584.151,2210B1,"6210B100",0x00(0)
584.201,2210C1,"6210C132",0x32(50)
584.261,2210B4,"6210B432",0x32(50)
584.930,2210A8,"6210A800",0x00(0)
584.989,2210B0,"6210B02A",0x2A(42)
585.042,2210B9,"6210B900",0x00(0)
585.785,223050,"7F2231",ERR
585.884,2210D2,"6210D269",0x69(105)
586.559,2210A8,"6210A800",0x00(0)
586.645,2210B0,"6210B027",0x27(39)
586.694,2210B9,"6210B900",0x00(0)
587.511,2210A8,"6210A842",0x42(66)
587.580,2210B0,"6210B027",0x27(39)
587.638,2210B9,"6210B900",0x00(0)
588.545,2210A8,"6210A800",0x00(0)
588.600,2210B0,"6210B027",0x27(39)
588.652,2210B9,"6210B900",0x00(0)
588.714,2210B1,"6210B100",0x00(0)
588.790,2210C1,"6210C12C",0x2C(44)
588.862,2210B4,"6210B432",0x32(50)
589.757,2210A8,"6210A800",0x00(0)
589.816,2210B0,"6210B09B",0x9B(155)
589.862,2210B9,"6210B900",0x00(0)
590.266,223050,"7F2231",ERR
590.384,2210D2,"6210D269",0x69(105)
591.310,2210A8,"6210A800",0x00(0)
591.364,2210B0,"6210B03E",0x3E(62)
591.418,2210B9,"6210B900",0x00(0)
592.362,2210A8,"6210A842",0x42(66)
592.547,2210B0,"6210B029",0x29(41)
592.612,2210B9,"6210B900",0x00(0)
